"Date","Price","Open","High","Low","Vol.","Change %"
"01/01/2024","7,673.0","7,550.0","7,720.5","7,306.7","759.68K","1.56%"
"12/01/2023","7,555.0","7,361.0","7,680.5","7,345.0","691.03K","3.28%"
"11/01/2023","7,315.0","6,933.0","7,333.0","6,900.0","731.85K","6.06%"
"10/01/2023","6,897.0","7,225.5","7,225.5","6,764.5","775.29K","-3.56%"
"09/01/2023","7,151.5","7,335.0","7,459.0","7,042.5","1.05M","-2.42%"
"08/01/2023","7,328.5","7,531.0","7,533.5","7,113.5","761.47K","-2.46%"
"07/01/2023","7,513.5","7,425.0","7,542.0","7,079.5","678.55K","1.39%"
"06/01/2023","7,410.5","7,151.0","7,436.0","7,098.0","933.28K","4.23%"
"05/01/2023","7,109.5","7,362.0","7,362.0","7,107.0","0.28K","-4.15%"
"04/01/2023","7,417.5","7,270.5","7,528.0","7,247.0","414.91K","2.16%"
"03/01/2023","7,260.5","7,344.5","7,409.0","6,872.5","557.62K","-0.37%"
"02/01/2023","7,287.5","7,111.5","7,402.0","7,077.7","463.46K","2.78%"
"01/01/2023","7,090.5","6,482.0","7,129.5","6,482.0","1.41M","9.58%"
"12/01/2022","6,470.5","6,782.0","6,827.0","6,388.5","820.29K","-3.95%"
"11/01/2022","6,736.5","6,323.0","6,797.5","6,213.0","819.59K","7.47%"
"10/01/2022","6,268.5","5,695.0","6,323.0","5,654.5","1.75M","10.24%"
"09/01/2022","5,686.2","6,074.8","6,391.0","5,629.2","21.69K","-7.06%"
"08/01/2022","6,118.0","6,514.0","6,605.0","6,107.0","0.25K","-5.01%"
"07/01/2022","6,440.5","6,084.0","6,198.5","6,084.0","0.01K","8.90%"
"06/01/2022","5,914.0","6,472.0","6,587.5","5,819.5","1.67M","-8.40%"
"05/01/2022","6,456.5","6,361.0","6,570.0","6,041.0","1.85M","-0.31%"
"04/01/2022","6,476.5","6,648.0","6,754.0","6,278.0","1.66M","-2.72%"
"03/01/2022","6,657.5","6,629.0","6,829.0","5,751.5","2.13M","0.04%"
"02/01/2022","6,655.0","7,033.0","7,169.5","6,427.0","1.74M","-4.88%"
"01/01/2022","6,996.5","7,164.5","7,381.5","6,698.5","1.54M","-2.05%"
"12/01/2021","7,143.0","6,789.5","7,194.0","6,720.0","1.37M","6.36%"
"11/01/2021","6,716.0","6,857.5","7,184.0","6,640.5","1.54M","-1.62%"
"10/01/2021","6,826.5","6,456.0","6,857.5","6,406.0","1.41M","4.73%"
"09/01/2021","6,518.0","6,708.5","6,783.5","6,373.0","1.71M","-2.40%"
"08/01/2021","6,678.0","6,640.0","6,913.5","6,559.5","1.29M","1.04%"
"07/01/2021","6,609.5","6,539.5","6,668.0","6,247.5","1.54M","1.61%"
"06/01/2021","6,505.0","6,454.5","6,687.0","6,445.5","1.52M","1.07%"
"05/01/2021","6,436.0","6,223.0","6,485.5","6,138.0","1.53M","3.54%"
"04/01/2021","6,216.0","6,068.0","6,299.0","6,059.5","1.38M","2.47%"
"03/01/2021","6,066.0","5,739.0","6,096.5","5,734.0","1.53M","6.44%"
"02/01/2021","5,699.0","5,440.5","5,830.5","5,425.0","1.22M","5.62%"
"01/01/2021","5,396.0","5,585.5","5,725.0","5,365.0","1.56M","-2.63%"
"12/01/2020","5,542.0","5,553.0","5,617.5","5,288.5","1.51M","0.60%"
"11/01/2020","5,509.0","4,605.0","5,606.5","4,576.5","1.78M","20.02%"
"10/01/2020","4,590.0","4,834.0","4,998.0","4,485.5","1.68M","-4.39%"
"09/01/2020","4,801.0","4,972.5","5,128.5","4,663.0","1.81M","-2.86%"
"08/01/2020","4,942.5","4,815.5","5,095.5","4,760.5","1.42M","3.38%"
"07/01/2020","4,781.0","4,913.0","5,169.5","4,745.0","1.68M","-2.70%"
"06/01/2020","4,913.5","4,748.0","5,228.0","4,680.5","1.88M","4.85%"
"05/01/2020","4,686.0","4,376.0","4,781.5","4,193.0","1.30M","3.09%"
"04/01/2020","4,545.5","4,277.5","4,698.5","4,110.5","1.11M","3.42%"
"03/01/2020","4,395.0","5,361.0","5,537.0","3,624.0","4.31M","-17.18%"
"02/01/2020","5,306.5","5,818.0","6,117.0","5,223.5","2.54M","-8.57%"
"01/01/2020","5,804.0","6,011.5","6,111.0","5,761.5","2.12M","-2.78%"
"12/01/2019","5,970.0","5,910.5","6,057.5","5,692.0","1.80M","1.20%"
"11/01/2019","5,899.0","5,760.0","5,959.0","5,736.0","1.56M","3.00%"
"10/01/2019","5,727.0","5,693.0","5,779.5","5,390.0","2.17M","0.90%"
"09/01/2019","5,676.0","5,476.0","5,691.0","5,437.5","1.90M","3.61%"
"08/01/2019","5,478.0","5,503.0","5,564.5","5,169.5","2.44M","-0.73%"
"07/01/2019","5,518.5","5,584.0","5,672.5","5,461.0","1.91M","-0.26%"
"06/01/2019","5,533.0","5,150.5","5,582.0","5,131.0","1.78M","6.71%"
"05/01/2019","5,185.0","5,532.0","5,550.0","5,138.0","2.24M","-6.52%"
"04/01/2019","5,546.5","5,383.5","5,601.0","5,368.0","1.72M","3.81%"
"03/01/2019","5,343.0","5,264.0","5,431.0","5,220.5","1.90M","1.99%"
"02/01/2019","5,239.0","4,989.0","5,247.5","4,945.0","1.63M","4.97%"
"01/01/2019","4,991.0","4,647.5","5,015.0","4,603.0","1.92M","5.55%"
"12/01/2018","4,728.5","5,088.0","5,103.5","4,552.0","2.11M","-5.24%"
"11/01/2018","4,990.0","5,076.5","5,167.0","4,878.0","1.93M","-1.96%"
"10/01/2018","5,090.0","5,496.5","5,516.5","4,892.5","2.56M","-7.28%"
"09/01/2018","5,489.5","5,397.0","5,543.5","5,223.5","1.66M","1.55%"
"08/01/2018","5,405.5","5,507.5","5,539.5","5,280.5","1.63M","-1.90%"
"07/01/2018","5,510.0","5,276.5","5,528.5","5,238.5","1.56M","3.56%"
"06/01/2018","5,320.5","5,395.0","5,559.5","5,243.0","2.06M","-1.07%"
"05/01/2018","5,378.0","5,472.0","5,641.5","5,345.0","2.00M","-1.74%"
"04/01/2018","5,473.0","5,120.0","5,475.0","5,081.0","1.63M","6.18%"
"03/01/2018","5,154.5","5,292.0","5,316.0","5,024.0","2.10M","-3.09%"
"02/01/2018","5,319.0","5,503.5","5,529.0","4,972.5","2.26M","-2.95%"
"01/01/2018","5,480.5","5,319.5","5,579.5","5,252.5","1.78M","3.20%"
"12/01/2017","5,310.5","5,371.0","5,430.0","5,291.5","1.64M","-1.06%"
"11/01/2017","5,367.5","5,522.0","5,534.5","5,265.5","1.92M","-2.44%"
"10/01/2017","5,501.5","5,336.0","5,511.0","5,322.5","1.71M","3.29%"
"09/01/2017","5,326.5","5,095.5","5,327.5","5,047.5","1.74M","4.76%"
"08/01/2017","5,084.5","5,101.0","5,232.5","4,991.5","2.11M","-0.11%"
"07/01/2017","5,090.0","5,155.0","5,260.5","5,078.0","1.97M","-0.52%"
"06/01/2017","5,116.5","5,279.5","5,358.0","5,107.0","2.42M","-2.85%"
"05/01/2017","5,266.5","5,214.5","5,444.5","5,213.5","2.27M","0.99%"
"04/01/2017","5,215.0","5,116.5","5,334.5","4,966.0","2.20M","1.95%"
"03/01/2017","5,115.5","4,874.5","5,126.5","4,872.5","2.30M","5.30%"
"02/01/2017","4,858.0","4,785.0","4,935.0","4,732.5","2.01M","2.33%"
"01/01/2017","4,747.5","4,846.0","4,929.0","4,745.0","2.08M","-2.38%"
"12/01/2016","4,863.0","4,569.0","4,865.0","4,470.5","1.99M","6.27%"
"11/01/2016","4,576.0","4,532.5","4,606.5","4,253.5","2.52M","1.54%"
"10/01/2016","4,506.5","4,443.5","4,578.5","4,368.5","2.07M","1.42%"
"09/01/2016","4,443.5","4,445.5","4,570.0","4,308.0","2.29M","0.12%"
"08/01/2016","4,438.0","4,463.0","4,528.5","4,293.0","1.84M","-0.03%"
"07/01/2016","4,439.5","4,260.5","4,476.5","4,060.0","1.88M","4.85%"
"06/01/2016","4,234.0","4,479.5","4,506.0","3,923.0","2.71M","-5.49%"
"05/01/2016","4,480.0","4,382.5","4,512.5","4,218.5","2.15M","2.39%"
"04/01/2016","4,375.5","4,353.5","4,547.0","4,210.5","2.21M","-0.18%"
"03/01/2016","4,383.5","4,315.5","4,582.0","4,305.0","2.24M","0.71%"
"02/01/2016","4,352.5","4,431.0","4,431.5","3,889.5","2.70M","-1.33%"
"01/01/2016","4,411.0","4,572.5","4,587.0","4,057.5","2.67M","-4.90%"
"12/01/2015","4,638.5","4,973.0","4,979.0","4,465.5","2.18M","-6.41%"
"11/01/2015","4,956.0","4,855.0","5,011.0","4,711.0","2.02M","1.24%"
"10/01/2015","4,895.5","4,497.5","4,949.0","4,380.5","2.16M","9.97%"
"09/01/2015","4,451.5","4,558.0","4,732.5","4,270.0","2.60M","-4.31%"
"08/01/2015","4,652.0","5,078.5","5,219.5","4,225.5","2.47M","-8.50%"
"07/01/2015","5,084.0","4,840.0","5,186.5","4,599.0","2.33M","6.22%"
"06/01/2015","4,786.5","5,018.5","5,095.5","4,712.5","3.10M","-3.97%"
"05/01/2015","4,984.5","5,015.0","5,171.0","4,844.0","2.33M","-0.56%"
"04/01/2015","5,012.5","5,012.0","5,270.5","4,947.5","2.41M","-0.47%"
"03/01/2015","5,036.0","4,940.5","5,105.5","4,857.5","2.43M","1.71%"
"02/01/2015","4,951.5","4,610.0","4,953.5","4,583.0","2.15M","7.47%"
"01/01/2015","4,607.5","4,260.5","4,695.5","4,062.5","3.13M","7.73%"
"12/01/2014","4,277.0","4,362.5","4,423.0","3,925.0","2.43M","-2.42%"
"11/01/2014","4,383.0","4,228.0","4,395.5","4,115.5","2.11M","3.60%"
"10/01/2014","4,230.5","4,395.5","4,425.5","3,786.0","3.44M","-4.16%"
"09/01/2014","4,414.0","4,386.0","4,509.5","4,329.5","2.26M","0.78%"
"08/01/2014","4,380.0","4,242.5","4,402.5","4,100.5","2.23M","3.18%"
"07/01/2014","4,245.0","4,427.5","4,493.0","4,226.5","2.43M","-4.00%"
"06/01/2014","4,422.0","4,518.5","4,598.5","4,405.5","2.10M","-1.84%"
"05/01/2014","4,505.0","4,442.0","4,519.0","4,362.5","2.05M","1.43%"
"04/01/2014","4,441.5","4,401.5","4,495.5","4,319.5","2.46M","1.15%"
"03/01/2014","4,391.0","4,345.5","4,433.5","4,182.5","2.90M","-0.32%"
"02/01/2014","4,405.0","4,147.5","4,426.0","4,068.0","2.44M","5.71%"
"01/01/2014","4,167.0","4,308.5","4,352.0","4,097.5","2.89M","-3.06%"
"12/01/2013","4,298.5","4,283.0","4,302.0","4,043.0","2.05M","0.29%"
"11/01/2013","4,286.0","4,295.0","4,349.5","4,203.5","2.19M","-0.20%"
"10/01/2013","4,294.5","4,149.0","4,304.5","4,104.5","2.52M","3.58%"
"09/01/2013","4,146.0","3,956.0","4,236.0","3,926.5","2.40M","5.34%"
"08/01/2013","3,936.0","4,001.0","4,127.0","3,920.5","2.05M","-1.37%"
"07/01/2013","3,990.5","3,729.5","4,008.0","3,666.5","2.20M","6.86%"
"06/01/2013","3,734.5","3,927.5","3,974.0","3,571.5","2.84M","-5.24%"
"05/01/2013","3,941.0","3,797.0","4,059.5","3,774.5","2.57M","3.72%"
"04/01/2013","3,799.5","3,723.5","3,834.0","3,565.5","3.07M","1.81%"
"03/01/2013","3,732.0","3,710.0","3,876.5","3,661.0","2.61M","0.24%"
"02/01/2013","3,723.0","3,737.0","3,788.5","3,592.0","2.71M","-0.23%"
"01/01/2013","3,731.5","3,708.0","3,794.5","3,680.5","2.33M","2.46%"
"12/01/2012","3,642.0","3,565.5","3,688.5","3,551.5","1.81M","2.56%"
"11/01/2012","3,551.0","3,424.0","3,578.5","3,357.5","2.28M","3.68%"
"10/01/2012","3,425.0","3,339.5","3,543.0","3,339.5","2.53M","2.15%"
"09/01/2012","3,353.0","3,388.0","3,588.5","3,350.5","2.41M","-1.54%"
"08/01/2012","3,405.5","3,294.0","3,519.0","3,206.0","2.48M","3.45%"
"07/01/2012","3,292.0","3,211.0","3,339.0","3,050.0","2.76M","3.13%"
"06/01/2012","3,192.0","3,006.5","3,205.0","2,901.0","3.12M","6.40%"
"05/01/2012","3,000.0","3,126.0","3,226.0","2,957.5","3.47M","-5.08%"
"04/01/2012","3,160.5","3,428.5","3,476.5","3,028.5","2.97M","-7.71%"
"03/01/2012","3,424.5","3,442.5","3,650.0","3,344.0","2.61M","-0.77%"
"02/01/2012","3,451.0","3,315.0","3,491.5","3,307.0","2.17M","4.50%"
"01/01/2012","3,302.5","3,148.5","3,370.0","3,113.5","1.80M","4.33%"
"12/01/2011","3,165.5","3,170.0","3,244.0","2,928.0","1.79M","0.46%"
"11/01/2011","3,151.0","3,209.0","3,224.0","2,789.5","2.35M","-2.60%"
"10/01/2011","3,235.0","2,918.5","3,408.0","2,808.5","2.63M","8.47%"
"09/01/2011","2,982.5","3,256.0","3,291.5","2,693.5","3.08M","-8.27%"
"08/01/2011","3,251.5","3,710.0","3,730.5","2,888.0","4.42M","-11.49%"
"07/01/2011","3,673.5","3,991.5","4,028.0","3,623.5","3.25M","-7.69%"
"06/01/2011","3,979.5","4,013.5","4,013.5","3,742.0","3.18M","-0.26%"
"05/01/2011","3,990.0","4,087.5","4,094.5","3,847.5","3.16M","-1.58%"
"04/01/2011","4,054.0","4,009.5","4,072.5","3,793.0","2.50M","1.58%"
"03/01/2011","3,991.0","4,131.0","4,147.5","3,629.5","3.80M","-2.90%"
"02/01/2011","4,110.0","4,021.0","4,170.0","3,973.5","2.78M","2.60%"
"01/01/2011","4,006.0","3,845.0","4,080.5","3,790.5","2.97M","5.16%"
"12/01/2010","3,809.5","3,630.0","3,940.0","3,619.0","2.38M","5.50%"
"11/01/2010","3,611.0","3,848.0","3,943.0","3,590.5","3.23M","-5.33%"
"10/01/2010","3,814.5","3,731.0","3,883.0","3,629.0","2.98M","2.82%"
"09/01/2010","3,710.0","3,494.5","3,827.5","3,494.5","1.88M","6.44%"
"08/01/2010","3,485.5","3,677.0","3,803.5","3,402.5","2.83M","-4.28%"
"07/01/2010","3,641.5","3,370.0","3,722.0","3,319.0","3.10M","5.80%"
"06/01/2010","3,442.0","3,470.0","3,763.0","3,331.5","3.63M","-1.56%"
"05/01/2010","3,496.5","3,718.5","3,792.0","3,185.5","4.32M","-6.59%"
"04/01/2010","3,743.0","3,998.5","4,148.0","3,674.5","3.03M","-5.75%"
"03/01/2010","3,971.5","3,736.0","4,029.0","3,724.5","2.81M","7.08%"
"02/01/2010","3,709.0","3,700.0","3,831.5","3,528.0","2.96M","-0.79%"
"01/01/2010","3,738.5","3,950.5","4,089.0","3,678.5","2.58M","-5.15%"
"12/01/2009","3,941.5","3,706.0","3,978.0","3,705.0","2.09M","7.27%"
"11/01/2009","3,674.5","3,585.5","3,868.0","3,534.5","2.74M","2.37%"
"10/01/2009","3,589.5","3,802.5","3,908.5","3,562.5","3.20M","-5.46%"
"09/01/2009","3,797.0","3,683.5","3,858.5","3,528.0","3.09M","3.52%"
"08/01/2009","3,668.0","3,445.5","3,726.0","3,393.5","2.62M","7.17%"
"07/01/2009","3,422.5","3,148.5","3,456.5","2,956.5","2.97M","9.14%"
"06/01/2009","3,136.0","3,309.0","3,398.0","3,093.0","2.94M","-3.98%"
"05/01/2009","3,266.0","3,148.0","3,340.0","3,060.5","2.21M","4.65%"
"04/01/2009","3,121.0","2,715.0","3,156.5","2,690.0","1.84M","13.28%"
"03/01/2009","2,755.0","2,648.0","2,918.0","2,464.5","2.69M","2.00%"
"02/01/2009","2,701.0","2,942.5","3,147.0","2,643.0","2.94M","-9.07%"
"01/01/2009","2,970.5","3,244.5","3,431.0","2,769.0","2.78M","-7.78%"
"12/01/2008","3,221.0","3,250.0","3,346.5","2,954.0","2.44M","-1.32%"
"11/01/2008","3,264.0","3,499.0","3,697.5","2,842.0","3.22M","-5.92%"
"10/01/2008","3,469.5","4,082.5","4,130.0","2,950.0","5.24M","-14.24%"
"09/01/2008","4,045.5","4,464.5","4,563.0","3,739.5","4.08M","-9.80%"
"08/01/2008","4,485.0","4,377.5","4,555.0","4,273.0","2.56M","1.87%"
"07/01/2008","4,402.5","4,429.0","4,466.0","4,002.5","3.46M","-0.93%"
"06/01/2008","4,444.0","5,019.0","5,021.5","4,354.5","2.99M","-11.39%"
"05/01/2008","5,015.5","5,003.0","5,114.0","4,881.0","2.43M","1.11%"
"04/01/2008","4,960.5","4,711.0","5,002.0","4,673.0","2.89M","5.25%"
"03/01/2008","4,713.0","4,722.0","4,793.5","4,417.5","3.60M","-1.76%"
"02/01/2008","4,797.5","4,923.0","5,047.5","4,640.5","3.47M","-1.68%"
"01/01/2008","4,879.5","5,591.0","5,677.5","4,508.5","4.55M","-13.18%"
"12/01/2007","5,620.5","5,669.0","5,804.0","5,451.5","2.42M","-1.13%"
"11/01/2007","5,685.0","5,852.0","5,855.0","5,373.0","3.57M","-2.70%"
"10/01/2007","5,843.0","5,717.0","5,891.0","5,634.0","2.83M","2.03%"
"09/01/2007","5,727.0","5,695.5","5,768.0","5,383.0","2.78M","0.94%"
"08/01/2007","5,673.5","5,633.0","5,775.5","5,190.5","4.39M","-1.58%"
"07/01/2007","5,764.5","6,039.5","6,168.0","5,601.0","3.45M","-5.05%"
"06/01/2007","6,071.0","6,101.0","6,154.0","5,834.5","3.30M","-0.31%"
"05/01/2007","6,090.0","5,922.0","6,103.0","5,902.0","2.74M","2.79%"
"04/01/2007","5,924.5","5,640.0","5,953.5","5,619.0","2.53M","4.93%"
"03/01/2007","5,646.0","5,486.5","5,688.0","5,264.5","3.83M","2.25%"
"02/01/2007","5,521.5","5,660.0","5,784.5","5,465.0","2.53M","-1.67%"
"01/01/2007","5,615.0","5,575.0","5,672.0","5,477.0","2.53M","1.13%"
"12/01/2006","5,552.0","5,350.0","5,570.0","5,245.5","1.86M","4.12%"
"11/01/2006","5,332.5","5,357.0","5,507.5","5,281.5","2.43M","-0.48%"
"10/01/2006","5,358.0","5,286.5","5,470.5","5,203.5","2.08M","1.81%"
"09/01/2006","5,262.5","5,184.0","5,297.0","5,019.5","2.16M","1.85%"
"08/01/2006","5,167.0","5,023.0","5,207.0","4,934.5","2.26M","2.94%"
"07/01/2006","5,019.5","4,980.0","5,045.0","4,701.0","1.96M","0.92%"
"06/01/2006","4,973.5","4,915.5","5,007.0","4,563.0","2.74M","1.12%"
"05/01/2006","4,918.5","5,111.0","5,301.5","4,752.5","2.88M","-4.10%"
"04/01/2006","5,129.0","5,241.0","5,267.5","5,060.0","1.58M","-1.71%"
"03/01/2006","5,218.0","5,001.5","5,256.5","4,929.0","1.82M","4.29%"
"02/01/2006","5,003.5","4,951.5","5,094.0","4,878.5","2.01M","0.84%"
"01/01/2006","4,962.0","4,711.0","4,977.0","4,711.0","2.09M","5.16%"
"12/01/2005","4,718.5","4,576.5","4,788.0","4,574.5","1.71M","3.16%"
"11/01/2005","4,574.0","4,424.5","4,639.0","4,401.5","1.89M","3.03%"
"10/01/2005","4,439.5","4,613.5","4,665.0","4,292.0","2.19M","-3.51%"
"09/01/2005","4,601.0","4,419.5","4,634.5","4,391.0","2.04M","4.49%"
"08/01/2005","4,403.5","4,455.0","4,534.5","4,320.0","1.68M","-1.13%"
"07/01/2005","4,454.0","4,228.0","4,490.0","4,089.0","1.64M","5.16%"
"06/01/2005","4,235.5","4,110.0","4,259.0","4,110.0","1.67M","3.08%"
"05/01/2005","4,109.0","3,898.0","4,124.5","3,897.0","1.52M","5.71%"
"04/01/2005","3,887.0","4,071.0","4,144.5","3,855.5","1.82M","-4.64%"
"03/01/2005","4,076.0","4,020.0","4,114.0","4,010.0","1.60M","1.13%"
"02/01/2005","4,030.5","3,918.0","4,061.5","3,912.0","1.26M","2.88%"
"01/01/2005","3,917.5","3,814.0","3,928.0","3,806.0","1.34M","2.66%"
"12/01/2004","3,816.0","3,752.0","3,845.0","3,735.0","1.38M","1.58%"
"11/01/2004","3,756.5","3,708.0","3,894.0","3,705.0","1.60M","1.14%"
"10/01/2004","3,714.0","3,658.0","3,787.5","3,603.5","1.55M","1.05%"
"09/01/2004","3,675.3","3,620.0","3,743.0","3,601.5","1.53M","1.74%"
"08/01/2004","3,612.4","3,638.0","3,662.0","3,454.5","1.28M","-0.88%"
"07/01/2004","3,644.5","3,766.0","3,781.0","3,528.5","1.30M","-2.88%"
"06/01/2004","3,752.6","3,648.0","3,783.0","3,601.0","1.55M","2.16%"
"05/01/2004","3,673.1","3,607.0","3,699.0","3,488.5","1.65M","0.13%"
"04/01/2004","3,668.4","3,640.0","3,828.5","3,625.5","1.57M","0.31%"
"03/01/2004","3,657.1","3,747.0","3,795.5","3,490.5","2.15M","-2.45%"
"02/01/2004","3,748.9","3,655.0","3,769.0","3,595.0","1.30M","2.46%"
"01/01/2004","3,659.0","3,562.5","3,725.5","3,551.0","1.48M","2.71%"
"12/01/2003","3,562.6","3,451.0","3,563.5","3,421.5","1.45M","4.46%"
"11/01/2003","3,410.4","3,380.0","3,478.0","3,288.0","1.65M","1.24%"
"10/01/2003","3,368.6","3,140.0","3,420.5","3,126.0","1.90M","6.92%"
"09/01/2003","3,150.6","3,346.0","3,439.0","3,145.0","2.01M","-4.97%"
"08/01/2003","3,315.2","3,193.5","3,353.5","3,108.0","1.41M","3.07%"
"07/01/2003","3,216.5","3,079.0","3,226.5","3,000.0","1.96M","3.04%"
"06/01/2003","3,121.6","2,998.0","3,230.0","2,974.0","2.08M","4.79%"
"05/01/2003","2,978.8","2,926.0","3,062.0","2,811.0","2.01M","-0.01%"
"04/01/2003","2,979.0","2,614.0","3,016.0","2,591.0","1.99M","13.83%"
"03/01/2003","2,617.0","2,768.0","2,949.0","2,388.0","2.28M","-4.33%"
"02/01/2003","2,735.4","2,970.0","2,988.0","2,634.5","1.63M","-5.62%"
"01/01/2003","2,898.4","3,060.0","3,260.0","2,735.0","1.96M","-5.08%"
"12/01/2002","3,053.5","3,303.0","3,400.5","2,976.0","1.51M","-8.47%"
"11/01/2002","3,335.9","3,110.5","3,367.0","2,981.0","1.57M","6.39%"
"10/01/2002","3,135.4","2,795.0","3,241.0","2,612.0","2.24M","12.92%"
"09/01/2002","2,776.7","3,359.0","3,414.5","2,665.5","2.06M","-16.85%"
"08/01/2002","3,339.3","3,381.5","3,619.0","3,023.5","1.61M","-1.83%"
"07/01/2002","3,401.4","3,885.0","3,987.0","2,902.0","2.20M","-11.42%"
"06/01/2002","3,840.1","4,228.0","4,287.0","3,560.0","1.85M","-9.97%"
"05/01/2002","4,265.3","4,468.0","4,497.5","4,211.5","1.36M","-3.09%"
"04/01/2002","4,401.4","4,678.0","4,691.5","4,381.0","1.52M","-5.98%"
"03/01/2002","4,681.2","4,440.0","4,686.0","4,440.0","1.49M","5.27%"
"02/01/2002","4,446.9","4,508.0","4,510.5","4,214.0","1.42M","-0.51%"
"01/01/2002","4,469.6","4,612.5","4,732.0","4,383.0","1.48M","-3.29%"
"12/01/2001","4,621.5","4,470.0","4,748.0","4,334.0","1.23M","3.29%"
"11/01/2001","4,474.3","4,300.0","4,698.0","4,287.0","1.50M","2.92%"
"10/01/2001","4,347.2","4,100.0","4,551.0","3,922.0","1.96M","7.27%"
"09/01/2001","4,052.4","4,703.5","4,735.0","3,460.5","2.22M","-13.67%"
"08/01/2001","4,693.9","5,115.0","5,225.0","4,666.5","1.23M","-7.04%"
"07/01/2001","5,049.6","5,235.0","5,330.0","4,751.0","1.46M","-2.15%"
"06/01/2001","5,160.4","5,429.5","5,556.5","4,968.0","1.43M","-5.27%"
"05/01/2001","5,447.7","5,640.0","5,718.0","5,352.0","1.25M","-3.35%"
"04/01/2001","5,636.8","5,248.0","5,651.0","4,890.0","1.28M","8.29%"
"03/01/2001","5,205.2","5,331.0","5,526.0","4,770.0","1.61M","-3.31%"
"02/01/2001","5,383.4","6,002.0","6,002.0","5,255.0","1.12M","-9.30%"
"01/01/2001","5,935.6","5,941.0","5,982.5","5,619.5","1.17M","0.34%"
"12/01/2000","5,915.6","5,970.0","6,146.0","5,687.0","1.09M","0.14%"
"11/01/2000","5,907.6","6,450.0","6,492.0","5,892.0","1.13M","-7.08%"
"10/01/2000","6,357.9","6,255.0","6,457.0","5,839.0","1.35M","0.91%"
"09/01/2000","6,300.4","6,640.5","6,950.0","6,088.5","1.32M","-5.29%"
"08/01/2000","6,652.1","6,550.0","6,743.0","6,370.0","877.26K","3.40%"
"07/01/2000","6,433.4","6,479.0","6,659.0","6,370.0","880.08K","0.38%"
"06/01/2000","6,409.1","6,400.0","6,784.5","6,392.0","1.11M","0.40%"
"05/01/2000","6,383.6","6,442.0","6,582.0","5,991.0","1.26M","-0.79%"
"04/01/2000","6,434.2","6,323.0","6,470.5","5,732.0","1.20M","2.06%"
"03/01/2000","6,304.4","6,263.0","6,607.0","6,162.0","1.26M","0.88%"
"02/01/2000","6,249.7","5,704.0","6,421.5","5,704.0","1.24M","10.13%"
"01/01/2000","5,674.8","6,030.0","6,116.5","5,403.0","1.34M","-4.87%"
"12/01/1999","5,965.2","5,336.0","5,979.0","5,325.0","1.14M","11.74%"
"11/01/1999","5,338.7","4,901.0","5,444.0","4,840.0","1.32M","9.37%"
"10/01/1999","4,881.4","4,600.0","4,883.5","4,459.5","1.42M","6.95%"
"09/01/1999","4,564.3","4,578.0","4,784.0","4,498.0","1.54M","-1.99%"
"08/01/1999","4,657.0","4,330.0","4,673.0","4,199.0","1.15M","7.12%"
"07/01/1999","4,347.5","4,581.0","4,720.0","4,247.0","1.09M","-4.34%"
"06/01/1999","4,544.9","4,331.0","4,592.0","4,261.0","1.33M","5.21%"
"05/01/1999","4,319.9","4,391.0","4,476.0","4,218.0","1.17M","-2.40%"
"04/01/1999","4,426.3","4,150.0","4,434.0","4,138.0","1.25M","5.88%"
"03/01/1999","4,180.4","4,114.5","4,298.0","3,992.0","1.56M","1.79%"
"02/01/1999","4,107.0","4,305.0","4,382.0","3,958.0","1.36M","-4.18%"
"01/01/1999","4,286.2","3,890.0","4,345.0","3,850.0","2.56M","9.37%"
"12/01/1998","3,918.9","3,819.0","3,920.0","3,590.0","1.99M","0.02%"
"11/01/1998","3,918.0","3,541.0","3,984.0","3,512.0","1.68M","10.59%"
"10/01/1998","3,542.8","3,126.0","3,559.0","2,888.5","2.02M","10.09%"
"09/01/1998","3,218.0","3,485.0","3,849.0","3,208.0","2.02M","-12.91%"
"08/01/1998","3,695.0","4,130.0","4,178.0","3,575.0","1.47M","-11.57%"
"07/01/1998","4,178.6","4,225.0","4,419.0","4,087.0","1.22M","-1.05%"
"06/01/1998","4,222.8","4,039.0","4,268.0","3,940.0","386.01K","3.54%"
"05/01/1998","4,078.5","3,920.0","4,144.5","3,885.5","316.27K","5.89%"
"04/01/1998","3,851.8","3,881.0","3,995.0","3,682.0","363.94K","0.41%"
"03/01/1998","3,835.9","3,431.0","3,863.0","3,328.0","462.12K","12.55%"
"02/01/1998","3,408.3","3,170.0","3,432.0","3,155.0","347.70K","7.96%"
"01/01/1998","3,157.1","3,008.0","3,158.0","2,816.0","405.88K","5.37%"
"12/01/1997","2,996.2","2,864.0","3,003.0","2,796.0","366.53K","5.97%"
"11/01/1997","2,827.4","2,732.0","2,886.0","2,640.0","396.71K","2.15%"
"10/01/1997","2,767.9","3,014.0","3,124.0","2,467.0","529.76K","-7.94%"
"09/01/1997","3,006.5","2,774.0","3,036.5","2,772.5","454.33K","7.80%"
"08/01/1997","2,789.0","3,082.0","3,109.0","2,778.0","395.63K","-10.12%"
"07/01/1997","3,103.0","2,875.0","3,103.0","2,834.0","378.79K","8.01%"
"06/01/1997","2,873.0","2,566.0","2,914.0","2,451.0","485.76K","13.04%"
"05/01/1997","2,541.6","2,623.0","2,799.0","2,537.0","404.14K","-3.04%"
"04/01/1997","2,621.2","2,658.0","2,660.0","2,488.0","406.73K","-2.18%"
"03/01/1997","2,679.6","2,620.0","2,747.0","2,549.0","412.67K","2.60%"
"02/01/1997","2,611.7","2,517.0","2,666.0","2,503.5","322.65K","3.67%"
"01/01/1997","2,519.3","2,318.0","2,522.0","2,245.0","389.69K","8.59%"
"12/01/1996","2,320.0","2,317.5","2,365.5","2,180.5","66.43K","-0.19%"
"11/01/1996","2,324.5","2,159.0","2,335.5","2,159.0","3.92K","7.44%"
"10/01/1996","2,163.5","2,156.5","2,217.5","2,143.5","6.19K","0.07%"
"09/01/1996","2,162.0","2,002.0","2,141.0","2,002.0","1.99K","7.59%"
"08/01/1996","2,009.5","2,034.5","2,067.0","2,022.5","1.18K","-1.95%"
"07/01/1996","2,049.5","2,168.5","2,180.0","1,995.0","2.05K","-5.77%"
"06/01/1996","2,175.0","2,138.5","2,185.5","2,135.0","2.73K","1.71%"
"05/01/1996","2,138.5","2,168.5","2,183.0","2,125.5","1.21K","-1.36%"
"04/01/1996","2,168.0","2,085.0","2,160.5","2,085.0","2.02K","4.78%"
"03/01/1996","2,069.0","2,055.5","2,062.0","1,970.0","2.31K","2.02%"
"02/01/1996","2,028.0","2,020.0","2,032.5","1,986.5","1.19K","-1.72%"
"01/01/1996","2,063.5","1,997.0","1,997.0","1,997.0","0.10K","7.25%"
"12/01/1995","1,924.0","1,924.0","1,924.0","1,924.0","","1.16%"
"11/01/1995","1,902.0","1,916.5","1,959.5","1,879.0","0.40K","-0.63%"
"10/01/1995","1,914.0","1,896.5","1,898.5","1,833.5","0.60K","1.24%"
"09/01/1995","1,890.5","2,000.0","2,005.0","1,767.5","0.49K","-5.33%"
"08/01/1995","1,997.0","2,093.0","2,109.5","1,908.0","0.11K","-2.87%"
"07/01/1995","2,056.0","2,038.0","2,059.0","2,038.0","0.21K","2.62%"
"06/01/1995","2,003.5","2,003.5","2,003.5","2,003.5","","-3.86%"
"05/01/1995","2,084.0","2,100.0","2,108.0","2,100.0","0.20K","2.06%"